iter	Logloss
0	0.6241100511
100	0.003781867981
200	0.001096941434
300	0.0006887611976
400	0.0006521007831
500	0.0006520745938
600	0.0006520745938
700	0.0006520745938
800	0.0006520745938
900	0.0006520745938
999	0.0006520745938
